,Accuracy,F1_Score,Precision,Recall
TCN,0.86896,0.8688589403913829,0.8701008248375776,0.86896
CNN,0.86276,0.8627341612981481,0.863033347265744,0.86276
Transformer,0.82964,0.8295036441072053,0.8306979137374961,0.82964
Zarvan,0.81304,0.8124669217167888,0.8169138001461138,0.81304
Longformer,0.68252,0.6665262662558993,0.7258474848915307,0.68252
LSTM,0.5,0.33333333333333326,0.25,0.5
GRU,0.5,0.33333333333333326,0.25,0.5
